pdbid,model,chain1,res1,nr1,ins1,atom1,alt1,chain2,res2,nr2,ins2,atom2,alt2,image,dist,rmsd,proscoH_outlier,nearest_class_proscoH,max_proscoH,prosco_outlier,nearest_class_prosco,nearest_distance_prosco,rotrans_outlier,nearest_class_rotrans,nearest_distance_rotrans
2oiu,1,P,G,1, ,N3, ,P,A,51, ,N6, ,0,3.073,0.022,Y,16_U_U_c1_2A,5.53,Y,16_U_U_c1_2A,189.51,Y,11_G_A_c2_2A,26.97
2oiu,1,P,G,1, ,N3, ,P,G,52, ,O6, ,0,3.478,0.01,Y,25_C_A_c2_3A,2.78,Y,21_A_U_c1_3A,243.32,Y,11_G_A_c2_2A,106.00
2oiu,1,P,G,2, ,N1, ,P,U,50, ,O2, ,0,2.716,0.094,N,28_G_U_c1_2A,65.72,N,28_G_U_c1_2A,114.49,N,28_G_U_c1_2A,7.24
2oiu,1,P,A,3, ,N1, ,P,U,49, ,N3, ,0,2.922,0.1,N,20_A_U_c2_2A,16.90,Y,18_C_U_c2_3A,190.12,N,20_A_U_c2_2A,19.55
2oiu,1,P,C,4, ,O2, ,P,G,48, ,N2, ,0,2.79,0.115,N,19_C_G_c1,20.42,Y,16_U_U_c1_2A,230.93,N,19_C_G_c1,26.48
2oiu,1,P,C,4, ,O2, ,P,U,49, ,O2, ,0,3.384,0.031,Y,18_C_U_c2_3A,4.37,Y,18_C_U_c2_3A,236.12,Y,18_C_U_c2_3A,54.46
2oiu,1,P,C,4, ,O2', ,Q,A,63, ,O2', ,0,2.733,0.113,Y,8_G_A_c1_2A,2.76,Y,8_G_A_c1_2A,262.86,Y,4_G_G_c4_3A,166.51
2oiu,1,P,C,5, ,O2, ,P,G,47, ,N2, ,0,2.828,0.1,Y,18_C_U_c2_3A,7.51,Y,16_U_U_c1_2A,213.69,Y,20_A_U_c2_2A,39.08
2oiu,1,P,C,5, ,N3, ,P,G,48, ,N1, ,0,3.058,0.106,Y,25_C_A_c2_3A,2.47,Y,18_C_U_c2_3A,280.76,Y,18_C_U_c2_3A,68.48
2oiu,1,P,C,5, ,O2', ,Q,A,62, ,O2', ,0,2.61,0.102,Y,8_A_G_c1_2A,2.00,Y,8_G_A_c1_2A,288.27,Y,10_G_A_c1_3A,196.60
2oiu,1,P,U,6, ,N3, ,P,A,46, ,N1, ,0,2.833,0.109,N,20_A_U_c2_2A,30.16,Y,18_C_U_c2_3A,151.18,N,20_A_U_c2_2A,12.55
2oiu,1,P,C,7, ,O2, ,P,G,45, ,N2, ,0,2.727,0.114,N,19_C_G_c1,21.73,Y,20_A_U_c2_2A,219.91,Y,20_A_U_c2_2A,30.84
2oiu,1,P,G,8, ,N2, ,P,C,17, ,O2, ,0,2.694,0.09,N,20_A_U_c2_2A,11.78,N,20_A_U_c2_2A,188.87,N,20_A_U_c2_2A,20.09
2oiu,1,P,G,9, ,O6, ,P,C,16, ,N4, ,0,2.844,0.094,N,20_A_U_c2_2A,33.88,N,20_A_U_c2_2A,188.37,N,20_A_U_c2_2A,15.18
2oiu,1,P,C,10, ,O2, ,P,G,15, ,N2, ,0,2.547,0.104,N,19_C_G_c1,14.48,Y,18_C_U_c2_3A,222.73,N,20_A_U_c2_2A,23.15
2oiu,1,P,G,11, ,N2, ,P,A,14, ,N7, ,0,2.921,0.02,N,11_G_A_c2_2A,14.08,Y,8_G_A_c1_2A,219.43,N,11_G_A_c2_2A,28.95
2oiu,1,P,A,13, ,N7, ,P,G,11, ,O2', ,0,2.871,0.037,Y,8_A_G_c1_2A,1.83,Y,18_C_U_c2_3A,296.07,Y,24_A_U_c1_2A,84.17
2oiu,1,P,A,14, ,N7, ,P,G,11, ,N2, ,0,2.921,0.024,Y,8_G_A_c1_2A,8.35,Y,8_G_A_c1_2A,227.71,Y,11_A_G_c1_3A,45.91
2oiu,1,P,G,15, ,N2, ,P,C,10, ,O2, ,0,2.547,0.104,N,19_C_G_c1,42.28,N,19_C_G_c1,178.08,N,19_C_G_c1,16.40
2oiu,1,P,C,16, ,N4, ,P,G,9, ,O6, ,0,2.844,0.095,N,19_C_G_c1,44.88,N,19_C_G_c1,175.03,N,19_C_G_c1,11.96
2oiu,1,P,C,17, ,O2, ,P,G,8, ,N2, ,0,2.694,0.09,N,19_C_G_c1,12.00,Y,16_U_U_c1_2A,211.04,N,19_C_G_c1,25.06
2oiu,1,P,C,17, ,O2, ,P,G,9, ,C2, ,0,3.256,0.087,Y,25_C_A_c2_3A,2.57,Y,24_A_U_c2_2A,285.18,Y,16_U_U_c1_2A,73.78
2oiu,1,P,G,18, ,N2, ,P,C,42, ,O2, ,0,2.807,0.1,N,20_A_U_c2_2A,34.40,Y,16_U_U_c1_2A,161.37,N,20_A_U_c2_2A,10.06
2oiu,1,P,U,19, ,P, ,P,G,18, ,O3', ,0,1.619,0.105,Y,18_C_U_c2_3A,1.83,Y,16_U_U_c3_2A,297.96,Y,11_G_A_c2_2A,210.91
2oiu,1,P,U,19, ,O3', ,P,U,20, ,P, ,0,1.614,0.013,Y,16_U_U_c3_2A,2.08,Y,18_C_U_c2_3A,274.79,Y,11_G_A_c2_2A,181.92
2oiu,1,P,U,20, ,P, ,P,U,19, ,O3', ,0,1.614,0.013,Y,18_C_U_c2_3A,2.56,Y,18_C_U_c2_3A,261.12,Y,11_A_G_c1_3A,170.95
2oiu,1,P,U,20, ,N3, ,P,A,41, ,N1, ,0,3.192,0.102,N,28_U_G_c1_2A,11.66,Y,18_C_U_c2_3A,143.31,Y,20_A_U_c2_2A,26.33
2oiu,1,P,C,21, ,N4, ,P,G,40, ,O6, ,0,2.896,0.093,N,20_A_U_c2_2A,33.31,Y,18_C_U_c2_3A,155.79,N,20_A_U_c2_2A,10.20
2oiu,1,P,G,22, ,O2', ,P,A,39, ,N6, ,0,2.807,0.015,N,11_G_A_c2_2A,66.83,N,11_G_A_c2_2A,112.42,N,11_G_A_c2_2A,11.43
2oiu,1,P,A,23, ,N6, ,P,U,37, ,O2, ,0,3.216,0.106,Y,18_C_U_c2_3A,2.76,Y,7_G_G_c1_3A,239.53,Y,25_A_C_c2_3A,58.93
2oiu,1,P,C,24, ,N4, ,P,U,37, ,O2, ,0,3.325,0.031,Y,8_A_G_c1_2A,7.47,Y,8_A_G_c1_2A,230.97,Y,11_A_G_c1_3A,53.08
2oiu,1,P,C,24, ,N4, ,P,U,38, ,C5, ,0,3.906,0.02,Y,24_U_A_c2_2A,2.76,Y,24_A_U_c1_2A,274.16,Y,25_C_A_c2_3A,119.81
2oiu,1,P,C,25, ,N4, ,P,C,36, ,O2, ,0,2.817,0.012,Y,16_U_U_c1_2A,4.33,Y,18_C_U_c2_3A,231.79,Y,28_G_U_c1_2A,52.36
2oiu,1,P,A,26, ,C2, ,P,U,35, ,O2, ,0,3.137,0.102,Y,16_U_U_c3_2A,8.72,Y,18_C_U_c2_3A,185.98,Y,20_A_U_c2_2A,30.67
2oiu,1,P,G,27, ,N2, ,P,C,34, ,O2, ,0,2.444,0.099,Y,18_C_U_c2_3A,10.20,Y,18_C_U_c2_3A,152.81,N,20_A_U_c2_2A,16.58
2oiu,1,P,C,28, ,O2, ,P,G,33, ,N2, ,0,2.658,0.106,N,19_C_G_c1,46.79,N,19_C_G_c1,168.99,N,19_C_G_c1,14.15
2oiu,1,P,G,29, ,N2, ,P,A,32, ,OP2, ,0,2.665,0.023,Y,8_G_A_c1_2A,8.90,Y,8_G_A_c1_2A,212.49,Y,11_G_A_c2_2A,36.92
2oiu,1,P,A,31, ,N6, ,P,G,29, ,O2', ,0,2.881,0.02,Y,16_U_U_c3_2A,2.59,Y,18_C_U_c2_3A,291.21,Y,24_A_U_c2_2A,83.02
2oiu,1,P,A,32, ,OP2, ,P,G,29, ,N2, ,0,2.665,0.028,Y,8_A_G_c1_2A,9.11,Y,8_A_G_c1_2A,219.51,Y,11_A_G_c1_3A,67.27
2oiu,1,P,G,33, ,N2, ,P,C,28, ,O2, ,0,2.658,0.106,N,19_C_G_c1,46.16,N,19_C_G_c1,168.48,N,19_C_G_c1,16.67
2oiu,1,P,C,34, ,O2, ,P,G,27, ,N2, ,0,2.444,0.099,N,20_A_U_c2_2A,35.57,Y,18_C_U_c2_3A,174.51,N,20_A_U_c2_2A,14.99
2oiu,1,P,U,35, ,O2, ,P,A,26, ,C2, ,0,3.137,0.102,Y,18_C_U_c2_3A,9.38,Y,18_C_U_c2_3A,181.07,Y,28_U_G_c1_2A,24.73
2oiu,1,P,C,36, ,O2, ,P,C,24, ,N4, ,0,3.562,0.017,Y,16_U_U_c3_2A,3.22,Y,18_C_U_c2_3A,227.62,Y,28_U_G_c1_2A,62.63
2oiu,1,P,U,37, ,O2, ,P,A,23, ,N6, ,0,3.216,0.107,Y,18_C_U_c2_3A,3.54,Y,16_U_U_c1_2A,252.33,Y,28_U_G_c1_2A,75.27
2oiu,1,P,U,37, ,O3', ,P,U,38, ,P, ,0,1.613,0.015,Y,10_A_G_c2_3A,1.48,Y,10_A_G_c2_3A,306.42,Y,11_G_A_c2_2A,156.30
2oiu,1,P,U,38, ,O4, ,P,C,36, ,O2', ,0,2.963,0.01,Y,23_A_U_c1_3A,1.46,Y,16_U_U_c3_2A,301.13,Y,24_A_U_c1_2A,98.79
2oiu,1,P,U,38, ,P, ,P,U,37, ,O3', ,0,1.613,0.014,Y,8_A_G_c1_2A,1.56,Y,16_U_U_c1_2A,303.66,Y,24_A_U_c1_2A,176.43
2oiu,1,P,A,39, ,N6, ,P,G,22, ,O2', ,0,2.807,0.015,Y,8_G_A_c1_2A,7.75,Y,11_G_A_c2_2A,201.81,Y,11_A_G_c1_3A,20.52
2oiu,1,P,G,40, ,O6, ,P,C,21, ,N4, ,0,2.896,0.092,N,20_A_U_c2_2A,57.88,Y,16_U_U_c1_2A,132.02,N,20_A_U_c2_2A,6.17
2oiu,1,P,A,41, ,N1, ,P,U,20, ,N3, ,0,3.192,0.102,Y,16_U_U_c1_2A,10.23,Y,16_U_U_c1_2A,151.39,Y,20_A_U_c2_2A,15.22
2oiu,1,P,C,42, ,O2, ,P,G,18, ,N2, ,0,2.807,0.101,N,19_C_G_c1,19.14,Y,16_U_U_c1_2A,187.86,Y,20_A_U_c2_2A,23.89
2oiu,1,P,C,42, ,O2, ,P,U,20, ,O2, ,0,3.17,0.04,Y,25_C_A_c2_3A,2.76,Y,25_A_C_c2_3A,263.67,Y,16_U_U_c1_2A,79.34
2oiu,1,P,G,44, ,O3', ,P,G,45, ,P, ,0,1.59,0.015,Y,2_A_A_c1_2A,1.30,Y,11_A_G_c1_3A,325.71,Y,11_G_A_c2_2A,211.27
2oiu,1,P,G,45, ,N2, ,P,C,7, ,O2, ,0,2.727,0.114,N,19_C_G_c1,28.75,N,19_C_G_c1,210.07,N,19_C_G_c1,19.58
2oiu,1,P,A,46, ,N1, ,P,U,6, ,N3, ,0,2.833,0.109,N,20_A_U_c2_2A,17.12,Y,18_C_U_c2_3A,142.50,N,20_A_U_c2_2A,17.24
2oiu,1,P,G,47, ,N2, ,P,C,5, ,O2, ,0,2.828,0.1,Y,16_U_U_c1_2A,9.64,Y,16_U_U_c1_2A,187.71,Y,20_A_U_c2_2A,19.79
2oiu,1,P,G,47, ,N2, ,Q,A,61, ,N1, ,0,3.225,0.03,Y,8_G_A_c1_2A,1.59,Y,8_A_G_c1_2A,307.15,Y,10_G_A_c1_3A,73.15
2oiu,1,P,G,47, ,N2, ,Q,A,62, ,C2, ,0,3.962,0.039,Y,25_C_A_c2_3A,1.32,Y,25_C_A_c2_3A,307.46,Y,4_G_G_c4_3A,120.79
2oiu,1,P,G,48, ,N2, ,P,C,4, ,O2, ,0,2.79,0.115,Y,18_C_U_c2_3A,8.87,Y,16_U_U_c1_2A,217.79,Y,20_A_U_c2_2A,27.51
2oiu,1,P,G,48, ,O2', ,Q,A,63, ,N1, ,0,3.36,0.019,Y,21_U_A_c1_3A,2.22,Y,21_U_A_c1_3A,280.33,Y,4_G_G_c4_3A,111.28
2oiu,1,P,U,49, ,N3, ,P,A,3, ,N1, ,0,2.922,0.1,N,20_A_U_c2_2A,19.37,Y,18_C_U_c2_3A,199.21,N,20_A_U_c2_2A,15.23
2oiu,1,P,U,49, ,O2', ,Q,G,64, ,O2', ,0,2.741,0.099,Y,1_A_A_c1_3A,3.58,Y,1_A_A_c1_3A,272.07,Y,4_G_G_c4_3A,175.41
2oiu,1,P,U,50, ,O2, ,P,G,2, ,N1, ,0,2.716,0.094,N,28_U_G_c1_2A,53.40,N,28_U_G_c1_2A,143.10,N,28_U_G_c1_2A,15.59
2oiu,1,P,A,51, ,N6, ,P,G,1, ,N3, ,0,3.073,0.022,Y,18_C_U_c2_3A,5.50,Y,18_C_U_c2_3A,194.70,Y,11_A_G_c1_3A,39.12
2oiu,1,P,G,52, ,N1, ,P,U,71, ,O2, ,0,2.629,0.099,N,28_G_U_c1_2A,15.93,Y,18_C_U_c2_3A,172.48,N,28_G_U_c1_2A,15.89
2oiu,1,P,G,53, ,N2, ,P,C,70, ,O2, ,0,2.708,0.095,N,20_A_U_c2_2A,42.08,N,20_A_U_c2_2A,171.58,N,20_A_U_c2_2A,12.25
2oiu,1,P,U,54, ,N3, ,P,A,69, ,N1, ,0,2.878,0.106,N,20_A_U_c2_2A,54.92,N,20_A_U_c2_2A,146.24,N,20_A_U_c2_2A,8.96
2oiu,1,P,G,55, ,N2, ,P,C,68, ,O2, ,0,2.613,0.092,N,20_A_U_c2_2A,45.43,Y,16_U_U_c1_2A,147.84,N,20_A_U_c2_2A,7.88
2oiu,1,P,C,56, ,O2, ,P,G,67, ,N2, ,0,2.799,0.096,N,20_A_U_c2_2A,39.99,N,20_A_U_c2_2A,175.05,N,20_A_U_c2_2A,15.14
2oiu,1,P,U,57, ,N3, ,P,A,66, ,N1, ,0,2.784,0.107,N,20_A_U_c2_2A,19.15,Y,16_U_U_c1_2A,169.41,N,20_A_U_c2_2A,22.34
2oiu,1,P,C,58, ,O2, ,P,G,65, ,N2, ,0,2.715,0.109,N,20_A_U_c2_2A,29.31,Y,16_U_U_c1_2A,181.85,N,20_A_U_c2_2A,18.39
2oiu,1,P,C,58, ,O2, ,P,A,66, ,N3, ,0,3.186,0.105,Y,18_C_U_c2_3A,2.30,Y,18_C_U_c2_3A,263.21,Y,18_C_U_c2_3A,66.51
2oiu,1,P,C,59, ,N4, ,P,G,64, ,O6, ,0,2.704,0.098,N,19_C_G_c1,56.35,N,19_C_G_c1,141.32,N,19_C_G_c1,10.12
2oiu,1,P,G,60, ,N2, ,P,A,63, ,OP2, ,0,2.635,0.019,Y,18_C_U_c2_3A,2.87,Y,18_C_U_c2_3A,242.99,Y,11_G_A_c2_2A,56.39
2oiu,1,P,A,61, ,C2, ,Q,U,6, ,O2', ,0,3.269,0.108,Y,18_C_U_c2_3A,2.17,Y,18_C_U_c2_3A,284.22,Y,28_U_G_c1_2A,141.46
2oiu,1,P,A,62, ,OP2, ,P,G,60, ,C4, ,0,3.036,0.04,Y,16_U_U_c3_2A,1.71,Y,18_C_U_c2_3A,290.75,Y,24_A_U_c1_2A,82.53
2oiu,1,P,A,63, ,OP2, ,P,G,60, ,N2, ,0,2.635,0.022,Y,16_U_U_c3_2A,2.56,Y,18_C_U_c2_3A,252.58,Y,24_A_U_c1_2A,83.93
2oiu,1,P,A,63, ,O2', ,Q,C,4, ,O2', ,0,2.728,0.103,Y,8_G_A_c1_2A,2.90,Y,8_G_A_c1_2A,226.13,Y,10_G_A_c1_3A,225.18
2oiu,1,P,A,63, ,O4', ,Q,C,5, ,O4', ,0,2.94,0.095,Y,23_A_U_c1_3A,1.90,Y,23_A_U_c1_3A,291.48,Y,24_U_A_c1_2A,192.67
2oiu,1,P,A,63, ,N1, ,Q,G,48, ,O2', ,0,2.732,0.023,Y,21_A_U_c1_3A,2.64,Y,1_A_A_c1_3A,260.90,Y,13_U_U_c3_3A,73.17
2oiu,1,P,G,64, ,O6, ,P,C,59, ,N4, ,0,2.704,0.097,N,19_C_G_c1,44.26,N,19_C_G_c1,166.25,N,19_C_G_c1,22.82
2oiu,1,P,G,64, ,O2', ,Q,U,49, ,O2', ,0,2.599,0.102,Y,21_U_A_c1_3A,2.91,Y,25_A_C_c2_3A,267.35,Y,13_U_U_c3_3A,198.80
2oiu,1,P,G,64, ,O3', ,Q,U,50, ,C5', ,0,3.367,0.105,Y,21_A_U_c1_3A,5.09,Y,21_A_U_c1_3A,239.57,Y,4_G_G_c4_3A,201.99
2oiu,1,P,G,65, ,N2, ,P,C,58, ,O2, ,0,2.715,0.109,N,20_A_U_c2_2A,54.70,N,20_A_U_c2_2A,139.90,N,20_A_U_c2_2A,9.84
2oiu,1,P,G,65, ,C5', ,Q,U,50, ,OP1, ,0,3.662,0.105,Y,21_U_A_c1_3A,3.45,Y,21_U_A_c1_3A,251.38,Y,2_A_A_c1_2A,227.42
2oiu,1,P,A,66, ,N1, ,P,U,57, ,N3, ,0,2.784,0.107,N,20_A_U_c2_2A,24.99,Y,16_U_U_c1_2A,180.66,N,20_A_U_c2_2A,17.83
2oiu,1,P,G,67, ,N2, ,P,C,56, ,O2, ,0,2.799,0.096,N,20_A_U_c2_2A,41.64,N,20_A_U_c2_2A,172.71,N,20_A_U_c2_2A,13.57
2oiu,1,P,C,68, ,O2, ,P,G,55, ,N2, ,0,2.613,0.092,N,20_A_U_c2_2A,28.05,Y,16_U_U_c1_2A,147.34,N,20_A_U_c2_2A,12.32
2oiu,1,P,A,69, ,N1, ,P,U,54, ,N3, ,0,2.878,0.106,N,20_A_U_c2_2A,60.24,N,20_A_U_c2_2A,133.57,N,20_A_U_c2_2A,8.28
2oiu,1,P,C,70, ,O2, ,P,G,53, ,N2, ,0,2.708,0.095,N,20_A_U_c2_2A,40.70,N,20_A_U_c2_2A,172.34,N,20_A_U_c2_2A,13.42
2oiu,1,P,U,71, ,O2, ,P,G,52, ,N1, ,0,2.629,0.099,N,28_U_G_c1_2A,17.53,Y,16_U_U_c1_2A,157.42,N,28_U_G_c1_2A,14.42
2oiu,1,Q,G,1, ,O3', ,Q,G,2, ,P, ,0,1.606,0.014,Y,5_A_A_c1_3A,3.46,Y,1_A_A_c1_3A,252.78,Y,10_G_A_c1_3A,114.21
2oiu,1,Q,G,1, ,C4', ,Q,U,38, ,O4', ,0,3.549,0.105,Y,8_G_A_c1_2A,2.03,Y,24_A_U_c1_2A,271.82,Y,24_U_A_c1_2A,235.04
2oiu,1,Q,G,1, ,N2, ,Q,A,51, ,N7, ,0,2.911,0.036,N,11_G_A_c2_2A,29.02,Y,8_G_A_c1_2A,207.04,N,11_G_A_c2_2A,27.01
2oiu,1,Q,G,2, ,P, ,Q,G,1, ,O3', ,0,1.606,0.018,Y,2_A_A_c1_2A,3.06,Y,1_A_A_c1_3A,249.28,Y,23_A_U_c1_3A,106.87
2oiu,1,Q,G,2, ,O6, ,Q,U,50, ,N3, ,0,2.739,0.095,N,28_G_U_c1_2A,40.50,Y,11_G_A_c2_2A,178.34,N,28_G_U_c1_2A,12.83
2oiu,1,Q,A,3, ,N1, ,Q,U,49, ,N3, ,0,2.749,0.103,N,20_A_U_c2_2A,21.78,Y,16_U_U_c1_2A,201.87,N,20_A_U_c2_2A,20.38
2oiu,1,Q,C,4, ,O2', ,P,A,63, ,O2', ,0,2.728,0.103,Y,19_C_G_c1,3.33,Y,8_G_A_c1_2A,225.12,Y,4_G_G_c4_3A,187.80
2oiu,1,Q,C,4, ,O2, ,Q,G,48, ,N2, ,0,2.558,0.105,Y,18_C_U_c2_3A,9.53,Y,16_U_U_c1_2A,188.18,Y,20_A_U_c2_2A,27.59
2oiu,1,Q,C,4, ,O2, ,Q,U,49, ,O2, ,0,3.314,0.024,Y,25_C_A_c2_3A,2.29,Y,18_C_U_c2_3A,280.19,Y,16_U_U_c1_2A,65.07
2oiu,1,Q,C,5, ,O2', ,P,A,62, ,O2', ,0,2.787,0.092,Y,10_A_G_c2_3A,2.23,Y,8_G_A_c1_2A,273.24,Y,10_G_A_c1_3A,191.18
2oiu,1,Q,C,5, ,O2, ,Q,G,47, ,N2, ,0,2.753,0.091,N,20_A_U_c2_2A,13.54,N,20_A_U_c2_2A,191.70,N,20_A_U_c2_2A,23.97
2oiu,1,Q,U,6, ,O2', ,P,A,61, ,C2, ,0,3.269,0.108,Y,18_C_U_c2_3A,1.63,Y,18_C_U_c2_3A,307.66,Y,10_G_A_c1_3A,249.17
2oiu,1,Q,U,6, ,N3, ,Q,A,46, ,N1, ,0,2.721,0.106,N,20_A_U_c2_2A,57.74,N,20_A_U_c2_2A,138.54,N,20_A_U_c2_2A,5.96
2oiu,1,Q,C,7, ,O2, ,Q,G,45, ,N2, ,0,2.73,0.088,N,19_C_G_c1,17.03,Y,16_U_U_c1_2A,201.11,N,19_C_G_c1,22.64
2oiu,1,Q,G,8, ,O6, ,Q,C,17, ,N4, ,0,2.572,0.087,N,8_G_A_c1_2A,5.06,N,8_G_A_c1_2A,227.51,Y,19_C_G_c1,40.67
2oiu,1,Q,G,9, ,N2, ,Q,C,16, ,O2, ,0,2.783,0.112,N,19_C_G_c1,56.27,N,19_C_G_c1,132.54,N,19_C_G_c1,14.43
2oiu,1,Q,C,10, ,O2, ,Q,G,15, ,N2, ,0,2.581,0.106,N,19_C_G_c1,60.08,N,19_C_G_c1,127.53,N,19_C_G_c1,18.45
2oiu,1,Q,G,11, ,N2, ,Q,A,14, ,OP2, ,0,2.795,0.02,N,11_G_A_c2_2A,14.99,Y,8_G_A_c1_2A,227.42,N,11_G_A_c2_2A,36.48
2oiu,1,Q,A,13, ,N7, ,Q,G,11, ,O2', ,0,2.763,0.028,Y,16_U_U_c3_2A,2.97,Y,21_A_U_c1_3A,294.82,Y,24_A_U_c1_2A,82.71
2oiu,1,Q,A,14, ,OP2, ,Q,G,11, ,N2, ,0,2.795,0.026,Y,8_G_A_c1_2A,8.17,Y,8_G_A_c1_2A,222.18,Y,11_A_G_c1_3A,41.15
2oiu,1,Q,G,15, ,N2, ,Q,C,10, ,O2, ,0,2.581,0.106,N,19_C_G_c1,45.91,N,19_C_G_c1,173.52,N,19_C_G_c1,18.41
2oiu,1,Q,C,16, ,O2, ,Q,G,9, ,N2, ,0,2.783,0.112,N,19_C_G_c1,57.67,N,19_C_G_c1,140.64,N,19_C_G_c1,12.38
2oiu,1,Q,C,17, ,N4, ,Q,G,8, ,O6, ,0,2.572,0.087,N,19_C_G_c1,5.16,N,19_C_G_c1,231.39,N,19_C_G_c1,26.33
2oiu,1,Q,C,17, ,O3', ,Q,G,18, ,P, ,0,1.585,0.088,Y,23_A_U_c1_3A,1.66,Y,23_A_U_c1_3A,297.93,Y,11_G_A_c2_2A,224.57
2oiu,1,Q,G,18, ,O6, ,Q,A,41, ,N6, ,0,3.393,0.015,Y,18_C_U_c2_3A,3.50,Y,16_U_U_c1_2A,249.35,Y,8_G_A_c1_2A,49.59
2oiu,1,Q,G,18, ,N2, ,Q,C,42, ,O2, ,0,2.556,0.093,Y,18_C_U_c2_3A,8.93,Y,16_U_U_c1_2A,209.90,Y,20_A_U_c2_2A,28.86
2oiu,1,Q,U,19, ,P, ,Q,G,18, ,O3', ,0,1.598,0.11,Y,2_A_A_c1_2A,3.25,Y,21_U_A_c1_3A,274.82,Y,13_U_U_c3_3A,224.60
2oiu,1,Q,U,19, ,O3', ,Q,U,20, ,P, ,0,1.575,0.015,Y,21_A_U_c1_3A,2.67,Y,26_A_C_c1_3A,264.12,Y,2_A_A_c1_2A,226.87
2oiu,1,Q,U,20, ,P, ,Q,U,19, ,O3', ,0,1.575,0.015,Y,21_U_A_c1_3A,2.17,Y,26_A_C_c1_3A,273.21,Y,2_A_A_c1_2A,194.86
2oiu,1,Q,U,20, ,N3, ,Q,A,41, ,N1, ,0,2.669,0.108,N,20_A_U_c2_2A,11.71,N,20_A_U_c2_2A,223.10,N,20_A_U_c2_2A,25.24
2oiu,1,Q,C,21, ,N4, ,Q,G,40, ,O6, ,0,2.72,0.099,N,18_C_U_c2_3A,13.17,Y,11_G_A_c2_2A,212.75,Y,20_A_U_c2_2A,32.40
2oiu,1,Q,G,22, ,N2, ,Q,A,39, ,N7, ,0,2.895,0.021,N,11_G_A_c2_2A,54.38,N,11_G_A_c2_2A,141.88,N,11_G_A_c2_2A,11.15
2oiu,1,Q,A,23, ,N6, ,Q,U,37, ,O2, ,0,2.775,0.121,N,24_A_U_c2_2A,83.81,N,24_A_U_c2_2A,56.35,N,24_A_U_c2_2A,5.64
2oiu,1,Q,C,25, ,N4, ,Q,C,36, ,O2, ,0,3.001,0.021,Y,16_U_U_c3_2A,2.31,Y,16_U_U_c1_2A,260.74,Y,16_U_U_c3_2A,57.19
2oiu,1,Q,A,26, ,N1, ,Q,U,35, ,N3, ,0,3.013,0.093,Y,16_U_U_c3_2A,10.22,Y,16_U_U_c3_2A,154.59,Y,20_A_U_c2_2A,17.67
2oiu,1,Q,G,27, ,N1, ,Q,C,34, ,N3, ,0,3.265,0.096,Y,16_U_U_c1_2A,4.97,Y,19_C_G_c1,253.05,Y,20_A_U_c2_2A,39.65
2oiu,1,Q,C,28, ,O2, ,Q,G,33, ,N2, ,0,2.781,0.09,Y,16_U_U_c3_2A,4.58,Y,20_A_U_c2_2A,260.95,Y,20_A_U_c2_2A,45.48
2oiu,1,Q,G,29, ,O2', ,Q,A,32, ,N6, ,0,2.83,0.009,Y,16_U_U_c3_2A,3.70,Y,16_U_U_c3_2A,238.84,Y,11_G_A_c2_2A,92.09
2oiu,1,Q,A,31, ,N7, ,Q,G,29, ,O2', ,0,2.608,0.016,Y,18_C_U_c2_3A,1.89,Y,21_A_U_c1_3A,304.69,Y,24_A_U_c1_2A,118.22
2oiu,1,Q,A,32, ,N6, ,Q,G,29, ,O2', ,0,2.83,0.013,Y,16_U_U_c3_2A,3.63,Y,16_U_U_c3_2A,241.99,Y,11_A_G_c1_3A,61.15
2oiu,1,Q,G,33, ,N2, ,Q,C,28, ,O2, ,0,2.781,0.09,Y,18_C_U_c2_3A,4.11,Y,18_C_U_c2_3A,254.82,Y,19_C_G_c1,40.47
2oiu,1,Q,G,33, ,O6, ,Q,G,29, ,N3, ,0,2.996,0.015,Y,1_A_A_c1_3A,3.69,Y,1_A_A_c1_3A,240.89,Y,28_G_U_c1_2A,89.68
2oiu,1,Q,C,34, ,O2, ,Q,C,28, ,O2, ,0,3.002,0.024,Y,18_C_U_c2_3A,2.67,Y,18_C_U_c2_3A,265.25,Y,18_C_U_c2_3A,62.95
2oiu,1,Q,U,35, ,N3, ,Q,A,26, ,N1, ,0,3.013,0.094,Y,18_C_U_c2_3A,9.86,Y,18_C_U_c2_3A,177.63,Y,28_U_G_c1_2A,30.51
2oiu,1,Q,U,35, ,O2, ,Q,G,27, ,C2, ,0,2.827,0.091,Y,18_C_U_c2_3A,2.22,Y,18_C_U_c2_3A,279.21,Y,16_U_U_c1_2A,63.48
2oiu,1,Q,C,36, ,O2, ,Q,C,25, ,N4, ,0,3.001,0.02,Y,16_U_U_c1_2A,2.74,Y,18_C_U_c2_3A,267.98,Y,16_U_U_c1_2A,49.84
2oiu,1,Q,C,36, ,O2, ,Q,A,26, ,N1, ,0,3.395,0.105,Y,25_C_A_c2_3A,2.75,Y,25_A_C_c2_3A,259.16,Y,11_G_A_c2_2A,93.77
2oiu,1,Q,U,37, ,O2, ,Q,A,23, ,N6, ,0,2.775,0.121,N,24_U_A_c2_2A,64.60,N,24_U_A_c2_2A,118.19,N,24_U_A_c2_2A,12.49
2oiu,1,Q,U,37, ,O3', ,Q,U,38, ,P, ,0,1.603,0.011,Y,25_C_A_c2_3A,1.52,Y,2_A_A_c1_2A,313.52,Y,11_G_A_c2_2A,194.68
2oiu,1,Q,U,38, ,O4', ,Q,G,1, ,C4', ,0,3.549,0.106,Y,23_U_A_c3_2A,2.29,Y,11_G_A_c2_2A,261.69,Y,24_U_A_c1_2A,182.21
2oiu,1,Q,U,38, ,P, ,Q,U,37, ,O3', ,0,1.603,0.012,Y,25_C_A_c2_3A,1.40,Y,1_A_A_c1_3A,299.54,Y,24_A_U_c1_2A,215.25
2oiu,1,Q,U,38, ,N3, ,Q,A,51, ,N1, ,0,2.821,0.116,N,21_U_A_c1_3A,34.65,N,21_U_A_c1_3A,199.87,N,21_U_A_c1_3A,30.42
2oiu,1,Q,U,38, ,O3', ,Q,U,71, ,O2', ,0,3.497,0.029,Y,18_C_U_c2_3A,2.74,Y,18_C_U_c2_3A,261.03,Y,11_G_A_c2_2A,169.02
2oiu,1,Q,A,39, ,N7, ,Q,G,22, ,N2, ,0,2.895,0.02,N,11_A_G_c1_3A,23.15,Y,8_G_A_c1_2A,186.17,N,11_A_G_c1_3A,17.80
2oiu,1,Q,A,39, ,P, ,Q,U,38, ,O3', ,0,1.594,0.124,Y,8_G_A_c1_2A,1.43,Y,8_G_A_c1_2A,321.49,Y,24_A_U_c1_2A,221.58
2oiu,1,Q,G,40, ,O6, ,Q,C,21, ,N4, ,0,2.72,0.098,N,19_C_G_c1,38.23,N,19_C_G_c1,185.24,N,19_C_G_c1,16.62
2oiu,1,Q,G,40, ,OP2, ,Q,U,71, ,C4', ,0,3.576,0.104,Y,18_C_U_c2_3A,1.67,Y,18_C_U_c2_3A,302.35,Y,2_A_A_c1_2A,236.41
2oiu,1,Q,A,41, ,N1, ,Q,U,20, ,N3, ,0,2.669,0.108,N,19_C_G_c1,35.69,N,19_C_G_c1,180.51,N,19_C_G_c1,14.04
2oiu,1,Q,C,42, ,O2, ,Q,G,18, ,N2, ,0,2.556,0.093,Y,18_C_U_c2_3A,8.86,Y,16_U_U_c1_2A,215.49,Y,20_A_U_c2_2A,34.66
2oiu,1,Q,C,42, ,O2, ,Q,U,20, ,O2, ,0,3.521,0.013,Y,25_C_A_c2_3A,2.70,Y,25_A_C_c2_3A,276.54,Y,16_U_U_c1_2A,74.31
2oiu,1,Q,A,43, ,C2, ,Q,G,18, ,C6, ,0,3.159,0.006,Y,25_C_A_c2_3A,2.61,Y,18_C_U_c2_3A,282.58,Y,16_U_U_c1_2A,78.52
2oiu,1,Q,G,45, ,N2, ,Q,C,7, ,O2, ,0,2.73,0.088,N,20_A_U_c2_2A,15.01,Y,16_U_U_c3_2A,215.20,N,20_A_U_c2_2A,23.86
2oiu,1,Q,A,46, ,N1, ,Q,U,6, ,N3, ,0,2.721,0.106,N,20_A_U_c2_2A,22.25,Y,18_C_U_c2_3A,133.21,N,20_A_U_c2_2A,15.39
2oiu,1,Q,G,47, ,N2, ,Q,C,5, ,O2, ,0,2.753,0.089,N,19_C_G_c1,33.54,N,20_A_U_c2_2A,194.39,N,19_C_G_c1,14.32
2oiu,1,Q,G,48, ,O2', ,P,A,62, ,N1, ,0,3.48,0.012,Y,16_U_U_c1_2A,1.60,Y,2_A_A_c1_2A,313.08,Y,10_G_A_c1_3A,104.40
2oiu,1,Q,G,48, ,O2', ,P,A,63, ,N1, ,0,2.732,0.024,Y,1_A_A_c1_3A,2.28,Y,1_A_A_c1_3A,260.65,Y,4_G_G_c4_3A,75.89
2oiu,1,Q,G,48, ,N2, ,Q,C,4, ,O2, ,0,2.558,0.105,N,20_A_U_c2_2A,14.53,Y,16_U_U_c1_2A,170.84,N,20_A_U_c2_2A,13.66
2oiu,1,Q,U,49, ,O2', ,P,G,64, ,O2', ,0,2.599,0.102,Y,21_A_U_c1_3A,3.63,Y,25_A_C_c2_3A,248.23,Y,4_G_G_c4_3A,172.83
2oiu,1,Q,U,49, ,N3, ,Q,A,3, ,N1, ,0,2.749,0.103,Y,18_C_U_c2_3A,8.99,Y,16_U_U_c1_2A,200.69,Y,20_A_U_c2_2A,27.74
2oiu,1,Q,U,50, ,OP1, ,P,G,65, ,C5', ,0,3.662,0.105,Y,21_A_U_c1_3A,3.70,Y,21_A_U_c1_3A,224.93,Y,2_A_A_c1_2A,244.98
2oiu,1,Q,U,50, ,O4, ,Q,G,1, ,N2, ,0,3.457,0.101,Y,8_G_A_c1_2A,6.37,Y,16_U_U_c3_2A,253.05,Y,28_G_U_c1_2A,43.10
2oiu,1,Q,U,50, ,N3, ,Q,G,2, ,O6, ,0,2.739,0.095,N,28_U_G_c1_2A,60.04,N,28_U_G_c1_2A,131.67,N,28_U_G_c1_2A,6.55
2oiu,1,Q,A,51, ,N7, ,Q,G,1, ,N2, ,0,2.911,0.038,Y,8_G_A_c1_2A,7.90,Y,11_G_A_c2_2A,225.47,Y,11_A_G_c1_3A,25.68
2oiu,1,Q,A,51, ,N1, ,Q,U,38, ,N3, ,0,2.821,0.116,N,21_A_U_c1_3A,32.18,Y,1_A_A_c1_3A,173.82,N,21_A_U_c1_3A,29.78
2oiu,1,Q,G,52, ,N1, ,Q,U,71, ,O2, ,0,2.651,0.102,N,28_G_U_c1_2A,62.42,N,28_G_U_c1_2A,127.27,N,28_G_U_c1_2A,9.13
2oiu,1,Q,G,53, ,N2, ,Q,C,70, ,O2, ,0,2.453,0.1,N,20_A_U_c2_2A,36.93,Y,11_G_A_c2_2A,180.79,N,20_A_U_c2_2A,11.95
2oiu,1,Q,U,54, ,N3, ,Q,A,69, ,N1, ,0,2.789,0.113,N,20_A_U_c2_2A,53.06,N,20_A_U_c2_2A,139.53,N,20_A_U_c2_2A,9.75
2oiu,1,Q,G,55, ,N1, ,Q,C,68, ,N3, ,0,2.907,0.105,N,20_A_U_c2_2A,49.44,N,20_A_U_c2_2A,164.09,N,20_A_U_c2_2A,13.72
2oiu,1,Q,C,56, ,O2, ,Q,G,67, ,N2, ,0,2.9,0.1,N,20_A_U_c2_2A,44.11,N,20_A_U_c2_2A,144.21,N,20_A_U_c2_2A,9.39
2oiu,1,Q,U,57, ,N3, ,Q,A,66, ,N1, ,0,2.805,0.111,Y,18_C_U_c2_3A,10.30,Y,18_C_U_c2_3A,147.32,Y,20_A_U_c2_2A,24.89
2oiu,1,Q,U,57, ,O2, ,Q,G,67, ,C2, ,0,2.914,0.098,Y,25_C_A_c2_3A,2.71,Y,16_U_U_c1_2A,264.21,Y,16_U_U_c1_2A,72.39
2oiu,1,Q,C,58, ,N4, ,Q,G,65, ,O6, ,0,2.906,0.095,N,19_C_G_c1,21.38,Y,16_U_U_c1_2A,220.05,N,19_C_G_c1,21.19
2oiu,1,Q,C,58, ,O2, ,Q,A,66, ,C2, ,0,2.846,0.102,Y,16_U_U_c3_2A,2.56,Y,18_C_U_c2_3A,260.96,Y,16_U_U_c1_2A,56.22
2oiu,1,Q,C,59, ,N4, ,Q,G,64, ,O6, ,0,2.834,0.108,N,19_C_G_c1,55.54,N,19_C_G_c1,135.96,N,19_C_G_c1,11.26
2oiu,1,Q,G,60, ,N2, ,Q,A,63, ,N7, ,0,2.945,0.013,Y,8_G_A_c1_2A,9.90,Y,8_G_A_c1_2A,162.91,N,11_G_A_c2_2A,27.28
2oiu,1,Q,A,61, ,C2, ,P,U,6, ,O4', ,0,3.602,0.116,Y,18_C_U_c2_3A,2.15,Y,18_C_U_c2_3A,296.61,Y,16_U_U_c1_2A,147.69
2oiu,1,Q,A,61, ,N6, ,P,G,48, ,O4', ,0,2.967,0.016,Y,25_C_A_c2_3A,1.88,Y,7_G_G_c1_3A,290.85,Y,10_A_G_c2_3A,97.71
2oiu,1,Q,A,62, ,O2', ,P,C,5, ,O2', ,0,2.61,0.1,Y,11_G_A_c2_2A,2.28,Y,11_G_A_c2_2A,275.35,Y,4_G_G_c4_3A,160.03
2oiu,1,Q,A,62, ,N1, ,P,G,48, ,O2', ,0,2.71,0.028,Y,18_C_U_c2_3A,1.82,Y,18_C_U_c2_3A,294.59,Y,13_U_U_c3_3A,97.77
2oiu,1,Q,A,62, ,N7, ,Q,G,60, ,O2', ,0,3.024,0.024,Y,16_U_U_c3_2A,2.65,Y,21_A_U_c1_3A,293.46,Y,24_A_U_c2_2A,83.41
2oiu,1,Q,A,63, ,O2', ,P,C,4, ,O2', ,0,2.733,0.113,Y,8_A_G_c1_2A,2.70,Y,6_G_G_c1_2A,246.22,Y,10_G_A_c1_3A,217.57
2oiu,1,Q,A,63, ,C2, ,P,U,49, ,O4', ,0,3.303,0.098,Y,1_A_A_c1_3A,2.29,Y,1_A_A_c1_3A,280.44,Y,4_G_G_c4_3A,94.14
2oiu,1,Q,A,63, ,N7, ,Q,G,60, ,N2, ,0,2.945,0.015,Y,8_G_A_c1_2A,10.00,Y,8_G_A_c1_2A,167.73,Y,11_A_G_c1_3A,40.98
2oiu,1,Q,G,64, ,O6, ,Q,C,59, ,N4, ,0,2.834,0.108,N,19_C_G_c1,44.11,N,19_C_G_c1,171.24,N,19_C_G_c1,20.33
2oiu,1,Q,G,65, ,O6, ,Q,C,58, ,N4, ,0,2.906,0.094,N,20_A_U_c2_2A,40.35,N,20_A_U_c2_2A,190.60,N,20_A_U_c2_2A,13.86
2oiu,1,Q,A,66, ,N1, ,Q,U,57, ,N3, ,0,2.805,0.111,N,18_C_U_c2_3A,33.56,Y,16_U_U_c3_2A,138.43,Y,20_A_U_c2_2A,15.12
2oiu,1,Q,G,67, ,N2, ,Q,C,56, ,O2, ,0,2.9,0.1,N,19_C_G_c1,12.47,N,20_A_U_c2_2A,160.39,N,20_A_U_c2_2A,12.77
2oiu,1,Q,C,68, ,N3, ,Q,G,55, ,N1, ,0,2.907,0.105,N,20_A_U_c2_2A,32.45,N,19_C_G_c1,208.74,N,19_C_G_c1,16.55
2oiu,1,Q,A,69, ,N1, ,Q,U,54, ,N3, ,0,2.789,0.112,N,20_A_U_c2_2A,38.72,N,20_A_U_c2_2A,173.97,N,20_A_U_c2_2A,16.43
2oiu,1,Q,C,70, ,O2, ,Q,G,53, ,N2, ,0,2.453,0.102,N,19_C_G_c1,62.39,N,19_C_G_c1,125.50,N,19_C_G_c1,9.93
2oiu,1,Q,U,71, ,O2', ,Q,A,39, ,OP1, ,0,2.824,0.116,Y,2_A_A_c1_2A,1.40,Y,2_A_A_c1_2A,312.04,Y,4_G_G_c4_3A,207.05
2oiu,1,Q,U,71, ,C4', ,Q,G,40, ,OP2, ,0,3.576,0.104,Y,11_G_A_c2_2A,1.73,Y,16_U_U_c1_2A,292.77,Y,11_G_A_c2_2A,276.97
2oiu,1,Q,U,71, ,O2, ,Q,G,52, ,N1, ,0,2.651,0.103,N,28_U_G_c1_2A,69.79,N,28_U_G_c1_2A,104.01,N,28_U_G_c1_2A,5.15
